<?xml version="1.0" encoding="utf-8"?>

<!-- BSD-3 Clause License

Copyright 2019 Vodafone Group. 

Redistribution and use in source and binary forms, with or without
modification, are permitted provided that the following conditions
are met:

1. Redistributions of source code must retain the above copyright
notice, this list of conditions and the following disclaimer.
2. Redistributions in binary form must reproduce the above copyright
notice, this list of conditions and the following disclaimer in the
documentation and/or other materials provided with the distribution.
3. Neither the name of the copyright holder nor the names of its
contributors may be used to endorse or promote products derived
from this software without specific prior written permission.

THIS SOFTWARE IS PROVIDED BY THE COPYRIGHT HOLDERS AND CONTRIBUTORS
"AS IS" AND ANY EXPRESS OR IMPLIED WARRANTIES, INCLUDING, BUT NOT
LIMITED TO, THE IMPLIED WARRANTIES OF MERCHANTABILITY AND FITNESS
FOR A PARTICULAR PURPOSE ARE DISCLAIMED. IN NO EVENT SHALL THE
COPYRIGHT HOLDER OR CONTRIBUTORS BE LIABLE FOR ANY DIRECT, INDIRECT,
INCIDENTAL, SPECIAL, EXEMPLARY, OR CONSEQUENTIAL DAMAGES (INCLUDING,
BUT NOT LIMITED TO, PROCUREMENT OF SUBSTITUTE GOODS OR SERVICES;
LOSS OF USE, DATA, OR PROFITS; OR BUSINESS INTERRUPTION) HOWEVER
CAUSED AND ON ANY THEORY OF LIABILITY, WHETHER IN CONTRACT, STRICT
LIABILITY, OR TORT (INCLUDING NEGLIGENCE OR OTHERWISE) ARISING IN
ANY WAY OUT OF THE USE OF THIS SOFTWARE, EVEN IF ADVISED OF THE
POSSIBILITY OF SUCH DAMAGE.
-->
<LWM2M xmlns:xsi="http://www.w3.org/2001/XMLSchema-instance" xsi:noNamespaceSchemaLocation="http://openmobilealliance.org/tech/profiles/LWM2M.xsd">
    <Object ObjectType="MODefinition">
        <Name>Relay Management</Name>
        <Description1>This LWM2M Object provides a range of eNB related measurements and parameters of which several are changeable. Furthermore, it includes Resources to enable/disable the eNB.</Description1>
        <ObjectID>10245</ObjectID>
        <ObjectURN>urn:oma:lwm2m:x:10245</ObjectURN>
        <LWM2MVersion/>
        <ObjectVersion/>
        <MultipleInstances>Single</MultipleInstances>
        <Mandatory>Optional</Mandatory>
        <Resources>
            <Item ID="0">
                <Name>eNB Availability</Name>
                <Operations>R</Operations>
                <MultipleInstances>Single</MultipleInstances>
                <Mandatory>Mandatory</Mandatory>
                <Type>Boolean</Type>
                <RangeEnumeration>AVAILABLE; UNAVAILABLE</RangeEnumeration>
                <Units></Units>
                <Description>This field indicates to the CCC whether or not the eNB of the CrowdBox is available for activation: AVAILABLE = TRUE; UNAVAILABLE = FALSE This is set by the CrowdBox itself using an algorithm specific to the use case and based on parameters known to the CrowdBox which may not necessarily be signalled to the network. In the absence of a more specific algorithm, this parameter should be set to AVAILABLE, unless a fault is detected which would prevent activation of the eNB, in which case it should be set to UNAVAILABLE.</Description>
            </Item>
            <Item ID="1">
                <Name>GPS Status</Name>
                <Operations>R</Operations>
                <MultipleInstances>Single</MultipleInstances>
                <Mandatory>Mandatory</Mandatory>
                <Type>Boolean</Type>
                <RangeEnumeration>UNSYNCHRONISED; SYNCHRONISED</RangeEnumeration>
                <Units></Units>
                <Description>States whether the CrowdBox GPS receiver is synchronised to GPS time or not: UNSYCHRONISED = FALSE; SYNCHRONISED = TRUE If more than one GPS receiver is used by the CrowdBox, then SYNCHRONISED should be reported only if all receivers are synchronised.</Description>
            </Item>
            <Item ID="2">
                <Name>Orientation</Name>
                <Operations>R</Operations>
                <MultipleInstances>Single</MultipleInstances>
                <Mandatory>Optional</Mandatory>
                <Type>Integer</Type>
                <RangeEnumeration>-180..180</RangeEnumeration>
                <Units>deg</Units>
                <Description>Orientation of CrowdBox with respect to magnetic north. The reference orientation of the CrowdBox shall be the pointing direction of the eNB antenna(s) or, in the case of an omni-directional CrowdBox antenna, as defined in the accompanying product documentation.</Description>
            </Item>
            <Item ID="3">
                <Name>eNB EARFCN</Name>
                <Operations>RW</Operations>
                <MultipleInstances>Single</MultipleInstances>
                <Mandatory>Mandatory</Mandatory>
                <Type>Integer</Type>
                <RangeEnumeration>0..65535</RangeEnumeration>
                <Units></Units>
                <Description>EARFCN currently used by the eNB. Highest valid value in 3GPP is currently 46589. If the requested EARFCN is not supported by the eNB, the response should be "Bad Request". The CrowdBox shall only apply a change of this resource upon execution of the “Enable eNB” command.</Description>
            </Item>
            <Item ID="4">
                <Name>eNB Bandwidth</Name>
                <Operations>RW</Operations>
                <MultipleInstances>Single</MultipleInstances>
                <Mandatory>Mandatory</Mandatory>
                <Type>Integer</Type>
                <RangeEnumeration>5, 10, 15, 20</RangeEnumeration>
                <Units></Units>
                <Description>Bandwidth of the currently used eNB carrier. If the requested bandwidth is not supported by the eNB, the response should be "Bad Request". The CrowdBox shall only apply a change of this resource upon execution of the “Enable eNB” command.</Description>
            </Item>
            <Item ID="5">
                <Name>Backhaul Primary EARFCN</Name>
                <Operations>RW</Operations>
                <MultipleInstances>Single</MultipleInstances>
                <Mandatory>Mandatory</Mandatory>
                <Type>Integer</Type>
                <RangeEnumeration>0..65535</RangeEnumeration>
                <Units></Units>
                <Description>EARFCN of primary cell used for the backhaul. If the requested EARFCN is not supported by the CrowdBox UE, the response should be "Bad Request". The CrowdBox shall only apply a change of this resource upon execution of the “Enable eNB” command.</Description>
            </Item>
            <Item ID="6">
                <Name>Backhaul Secondary EARFCN</Name>
                <Operations>RW</Operations>
                <MultipleInstances>Multiple</MultipleInstances>
                <Mandatory>Mandatory</Mandatory>
                <Type>Integer</Type>
                <RangeEnumeration>0..65535</RangeEnumeration>
                <Units></Units>
                <Description>EARFCN of any secondary cells used for the backhaul, in the event that carrier aggregation is being used. If the requested EARFCN is not supported by the CrowdBox UE, the response should be "Bad Request". The CrowdBox shall only apply a change of this resource upon execution of the “Enable eNB” command.</Description>
            </Item>
            <Item ID="7">
                <Name>Cumulative Measurement Window</Name>
                <Operations>RW</Operations>
                <MultipleInstances>Single</MultipleInstances>
                <Mandatory>Mandatory</Mandatory>
                <Type>Integer</Type>
                <RangeEnumeration>0..65535</RangeEnumeration>
                <Units>s</Units>
                <Description>The current measurement interval over which cumulative statistics are collected for the following resources: Cumulative Number of Unique Users, Cumulative Downlink Throughput per Connected User, Cumulative Uplink Throughput per Connected User. Note that this measurement period is a sliding window rather than a granularity period. Measurements should never be reset, but rather old measurements should be removed from the cumulative total as they fall outside of the window. A value of 0 shall be interpreted as meaning only the current value should be reported. A value of 65535 shall be interpreted as an infinite window size (i.e. old measurements are never discarded).</Description>
            </Item>
            <Item ID="8">
                <Name>eNB ECI</Name>
                <Operations>R</Operations>
                <MultipleInstances>Single</MultipleInstances>
                <Mandatory>Mandatory</Mandatory>
                <Type>Integer</Type>
                <RangeEnumeration>0..2^28-1</RangeEnumeration>
                <Units></Units>
                <Description>A 28 bit E-UTRAN Cell Identifier (ECI)</Description>
            </Item>
            <Item ID="9">
                <Name>eNB Status</Name>
                <Operations>RW</Operations>
                <MultipleInstances>Single</MultipleInstances>
                <Mandatory>Mandatory</Mandatory>
                <Type>Boolean</Type>
                <RangeEnumeration></RangeEnumeration>
                <Units></Units>
                <Description>This resource indicates the current status of the eNB and can be used by the CCC to change the state from enabled to disabled. TRUE = eNB enabled FALSE = eNB disabled</Description>
            </Item>
            <Item ID="10">
                <Name>Enable eNB</Name>
                <Operations>E</Operations>
                <MultipleInstances>Single</MultipleInstances>
                <Mandatory>Mandatory</Mandatory>
                <Type></Type>
                <RangeEnumeration></RangeEnumeration>
                <Units></Units>
                <Description>Enables the eNB. In addition the CrowdBox shall also update its configuration to reflect the current state of other relevant parameters. This might require a reboot.</Description>
            </Item>
            <Item ID="11">
                <Name>eNB Maximum Power</Name>
                <Operations>RW</Operations>
                <MultipleInstances>Single</MultipleInstances>
                <Mandatory>Mandatory</Mandatory>
                <Type>Integer</Type>
                <RangeEnumeration>0..63</RangeEnumeration>
                <Units>dBm</Units>
                <Description>Maximum power for the eNB measured as the sum of input powers to all antenna connectors. The maximum power per antenna port is equal to the maximum eNB power divided by the number of antenna ports. If the requested power is above or below the maximum or minimum power levels of the eNB, then the power level should be set to the maximum or minimum respectively. The CrowdBox shall only apply a change of this resource upon execution of the “Enable eNB” command.</Description>
            </Item>
            <Item ID="12">
                <Name>Backhaul Primary q-OffsetFreq</Name>
                <Operations>RW</Operations>
                <MultipleInstances>Single</MultipleInstances>
                <Mandatory>Mandatory</Mandatory>
                <Type>Integer</Type>
                <RangeEnumeration>-24..24</RangeEnumeration>
                <Units>dB</Units>
                <Description>q-OffsetFreq parameter for the backhaul primary EARFCN in SIB5 of the CrowdBox eNB BCCH. See TS 36.331 for details. Range: dB-24; dB-22 .. dB24 The CrowdBox shall only apply a change of this resource upon execution of the “Enable eNB” command.</Description>
            </Item>
            <Item ID="13">
                <Name>Backhaul Secondary q-OffsetFreq</Name>
                <Operations>RW</Operations>
                <MultipleInstances>Multiple</MultipleInstances>
                <Mandatory>Mandatory</Mandatory>
                <Type>Integer</Type>
                <RangeEnumeration>-24..24</RangeEnumeration>
                <Units>dB</Units>
                <Description>q-OffsetFreq parameter for the backhaul secondary EARFCN in SIB5 of the CrowdBox eNB BCCH. See TS 36.331 for details Range: dB-24; dB-22 .. dB24 The CrowdBox shall only apply a change of this resource upon execution of the “Enable eNB” command.</Description>
            </Item>
            <Item ID="14">
                <Name>Neighbour CrowdBox EARFCN</Name>
                <Operations>RW</Operations>
                <MultipleInstances>Multiple</MultipleInstances>
                <Mandatory>Mandatory</Mandatory>
                <Type>Integer</Type>
                <RangeEnumeration>0..66635</RangeEnumeration>
                <Units></Units>
                <Description>EARFCN of a neighbour CrowdBox. Each instance of this resource relates to the same instance of resource ID 15.</Description>
            </Item>
            <Item ID="15">
                <Name>Neighbour CrowdBox q-OffsetFreq</Name>
                <Operations>RW</Operations>
                <MultipleInstances>Multiple</MultipleInstances>
                <Mandatory>Mandatory</Mandatory>
                <Type>Integer</Type>
                <RangeEnumeration>-24..24</RangeEnumeration>
                <Units>dB</Units>
                <Description>q-OffsetFreq parameter of the Neighbour CrowdBox EARFCN in SIB5 of the Neighbour CrowdBox eNB BCCH. See TS 36.331 for details Range: dB-24; dB-22 .. dB24 Each instance of this resource relates to the same instance of resource ID 14. The CrowdBox shall only apply a change of this resource upon execution of the “Enable eNB” command.</Description>
            </Item>
            <Item ID="16">
                <Name>Serving Macro eNB cellIndividualOffset</Name>
                <Operations>RW</Operations>
                <MultipleInstances>Single</MultipleInstances>
                <Mandatory>Mandatory</Mandatory>
                <Type>Integer</Type>
                <RangeEnumeration>-24..24</RangeEnumeration>
                <Units>dB</Units>
                <Description>Specifies the value of the cellIndividualOffset parameter applicable to the CrowdBox macro serving cell that is to be signalled to connected UEs in their measurement configuration information . See TS 36.331 for details. The CrowdBox shall only apply a change of this resource upon execution of the “Enable eNB” command.</Description>
            </Item>
        </Resources>
      <Description2></Description2>
    </Object>
</LWM2M>
