<?xml version="1.0" encoding="utf-8"?>

<!-- BSD-3 Clause License

Copyright 2019 South East Water Corporation. 

Redistribution and use in source and binary forms, with or without
modification, are permitted provided that the following conditions
are met:

1. Redistributions of source code must retain the above copyright
notice, this list of conditions and the following disclaimer.
2. Redistributions in binary form must reproduce the above copyright
notice, this list of conditions and the following disclaimer in the
documentation and/or other materials provided with the distribution.
3. Neither the name of the copyright holder nor the names of its
contributors may be used to endorse or promote products derived
from this software without specific prior written permission.

THIS SOFTWARE IS PROVIDED BY THE COPYRIGHT HOLDERS AND CONTRIBUTORS
"AS IS" AND ANY EXPRESS OR IMPLIED WARRANTIES, INCLUDING, BUT NOT
LIMITED TO, THE IMPLIED WARRANTIES OF MERCHANTABILITY AND FITNESS
FOR A PARTICULAR PURPOSE ARE DISCLAIMED. IN NO EVENT SHALL THE
COPYRIGHT HOLDER OR CONTRIBUTORS BE LIABLE FOR ANY DIRECT, INDIRECT,
INCIDENTAL, SPECIAL, EXEMPLARY, OR CONSEQUENTIAL DAMAGES (INCLUDING,
BUT NOT LIMITED TO, PROCUREMENT OF SUBSTITUTE GOODS OR SERVICES;
LOSS OF USE, DATA, OR PROFITS; OR BUSINESS INTERRUPTION) HOWEVER
CAUSED AND ON ANY THEORY OF LIABILITY, WHETHER IN CONTRACT, STRICT
LIABILITY, OR TORT (INCLUDING NEGLIGENCE OR OTHERWISE) ARISING IN
ANY WAY OUT OF THE USE OF THIS SOFTWARE, EVEN IF ADVISED OF THE
POSSIBILITY OF SUCH DAMAGE.
-->

<LWM2M xmlns:xsi="http://www.w3.org/2001/XMLSchema-instance" xsi:noNamespaceSchemaLocation="http://openmobilealliance.org/tech/profiles/LWM2M.xsd">
    <Object ObjectType="MODefinition">
        <Name>Delivery Schedule</Name>
        <Description1><![CDATA[The Delivery Schedule object provides a means for controlling the periodic delivery of interval and event data to the LwM2M server.]]></Description1>
        <ObjectID>10264</ObjectID>
        <ObjectURN>urn:oma:lwm2m:x:10264</ObjectURN>
        <MultipleInstances>Multiple</MultipleInstances>
        <Mandatory>Optional</Mandatory>
        <Resources>
            <Item ID="0">
                <Name>Schedule Start Time</Name>
                <Operations>RW</Operations>
                <MultipleInstances>Single</MultipleInstances>
                <Mandatory>Mandatory</Mandatory>
                <Type>Integer</Type>
                <RangeEnumeration></RangeEnumeration>
                <Units></Units>
                <Description><![CDATA[Schedule Start Time is a readable and writable resource representing the number of seconds past midnight for which this schedule commences]]></Description>
            </Item>
            <Item ID="1">
                <Name>Schedule UTC Offset</Name>
                <Operations>RW</Operations>
                <MultipleInstances>Single</MultipleInstances>
                <Mandatory>Mandatory</Mandatory>
                <Type>String</Type>
                <RangeEnumeration></RangeEnumeration>
                <Units></Units>
                <Description><![CDATA[The Schedule UTC Offset resource is a readable and writable resource representing the time zone offset for the Schedule Start Time Resource for this Delivery Schedule instance. If this resource is empty, the application should use the UTC offset provided in the Device [/3/0/14] object instance resource or UTC if not provided.  UTC+X [ISO 8601].]]></Description>
            </Item>
            <Item ID="2">
                <Name>Delivery Frequency</Name>
                <Operations>RW</Operations>
                <MultipleInstances>Single</MultipleInstances>
                <Mandatory>Mandatory</Mandatory>
                <Type>Integer</Type>
                <RangeEnumeration></RangeEnumeration>
                <Units></Units>
                <Description><![CDATA[The Delivery Frequency resource is a readable and writable resource representing the number of seconds between deliveries. It is recommended that the Delivery Frequency be set to a devisor of 24 hours (86400 seconds) to provide a consistent interval period. Examples of Delivery Frequency include:-
30 = Every 30 seconds
600 = Every 10 minutes
1800 = Every 30 minutes
3600 = Hourly
7200 = Every 2 hours
14400 = Every 4 hours
43200 = Every 12 hours
86400 = Every Day
172600 = Every Second Day
]]></Description>
            </Item>
            <Item ID="3">
                <Name>Randomised Delivery Window</Name>
                <Operations>RW</Operations>
                <MultipleInstances>Single</MultipleInstances>
                <Mandatory>Optional</Mandatory>
                <Type>Integer</Type>
                <RangeEnumeration></RangeEnumeration>
                <Units></Units>
                <Description><![CDATA[The Randomised Delivery Window resource is a readable and writable resource representing a randomisation widow in seconds for the triggering of the notification delivery to the LwM2M server. If not provided, the randomised delivery window should default to 0 and the Notification should be sent immediately. The Randomised Delivery Window resource should be set to a value smaller than the delivery frequency.]]></Description>
            </Item>
            <Item ID="4">
                <Name>Number of Retries</Name>
                <Operations>RW</Operations>
                <MultipleInstances>Single</MultipleInstances>
                <Mandatory>Optional</Mandatory>
                <Type>Integer</Type>
                <RangeEnumeration></RangeEnumeration>
                <Units></Units>
                <Description><![CDATA[The Number of Retries resource is a readable and writable resource representing the number of retry attempts that should be attempted when the delivery notification is not successful. If not provided, this value defaults to 0 and no retries are attempted. This retry behaviour is at an application level and should be set with consideration of standard CoAP retry behaviour.]]></Description>
            </Item>
            <Item ID="5">
                <Name>Retry Period</Name>
                <Operations>RW</Operations>
                <MultipleInstances>Single</MultipleInstances>
                <Mandatory>Optional</Mandatory>
                <Type>Integer</Type>
                <RangeEnumeration></RangeEnumeration>
                <Units></Units>
                <Description><![CDATA[The Retry Period resource is a readable and writable resource representing the number of seconds between each application level retry. ]]></Description>
            </Item>
        </Resources>
        <Description2></Description2>
    </Object>
</LWM2M>

