<?xml version="1.0" encoding="utf-8"?>

<!-- BSD-3 Clause License

Copyright 2019 South East Water Corporation. 

Redistribution and use in source and binary forms, with or without
modification, are permitted provided that the following conditions
are met:

1. Redistributions of source code must retain the above copyright
notice, this list of conditions and the following disclaimer.
2. Redistributions in binary form must reproduce the above copyright
notice, this list of conditions and the following disclaimer in the
documentation and/or other materials provided with the distribution.
3. Neither the name of the copyright holder nor the names of its
contributors may be used to endorse or promote products derived
from this software without specific prior written permission.

THIS SOFTWARE IS PROVIDED BY THE COPYRIGHT HOLDERS AND CONTRIBUTORS
"AS IS" AND ANY EXPRESS OR IMPLIED WARRANTIES, INCLUDING, BUT NOT
LIMITED TO, THE IMPLIED WARRANTIES OF MERCHANTABILITY AND FITNESS
FOR A PARTICULAR PURPOSE ARE DISCLAIMED. IN NO EVENT SHALL THE
COPYRIGHT HOLDER OR CONTRIBUTORS BE LIABLE FOR ANY DIRECT, INDIRECT,
INCIDENTAL, SPECIAL, EXEMPLARY, OR CONSEQUENTIAL DAMAGES (INCLUDING,
BUT NOT LIMITED TO, PROCUREMENT OF SUBSTITUTE GOODS OR SERVICES;
LOSS OF USE, DATA, OR PROFITS; OR BUSINESS INTERRUPTION) HOWEVER
CAUSED AND ON ANY THEORY OF LIABILITY, WHETHER IN CONTRACT, STRICT
LIABILITY, OR TORT (INCLUDING NEGLIGENCE OR OTHERWISE) ARISING IN
ANY WAY OUT OF THE USE OF THIS SOFTWARE, EVEN IF ADVISED OF THE
POSSIBILITY OF SUCH DAMAGE.
-->

<LWM2M xmlns:xsi="http://www.w3.org/2001/XMLSchema-instance" xsi:noNamespaceSchemaLocation="http://openmobilealliance.org/tech/profiles/LWM2M.xsd">
    <Object ObjectType="MODefinition">
        <Name>Water Meter Low Pressure Alarm</Name>
        <Description1><![CDATA[Where supported by the meter this is an alarm that should be raised if the meter detects pressure below a pre-configured threshold.]]></Description1>
        <ObjectID>10277</ObjectID>
        <ObjectURN>urn:oma:lwm2m:x:10277</ObjectURN>
        <MultipleInstances>Multiple</MultipleInstances>
        <Mandatory>Optional</Mandatory>
        <Resources>
            <Item ID="6011">
                <Name>Event Type</Name>
                <Operations>RW</Operations>
                <MultipleInstances>Single</MultipleInstances>
                <Mandatory>Mandatory</Mandatory>
                <Type>Integer</Type>
                <RangeEnumeration></RangeEnumeration>
                <Units></Units>
                <Description><![CDATA[Event Type is a readable and writable resource used to represent how this event will behave. Event Type should be one of the following values:-
0. Disabled
1. Alarm Current State
2. Alarm State Change Log
3. Event Log

When the Event Type is set to Disabled (0), this event will not be recorded by the device. No Latest Eventlog payload should be delivered for events that are Disabled.
When the Event Type is set to Alarm Current State (1), this Event is treated as an alarm state manager and the Latest Eventlog Payload will only contain the current state of this alarm.
When the Event Type is set to Alarm State Change Log (2), the Event is treated as an alarm that reports whenever the Alarm is either set or cleared. The Latest Eventlog Payload will contain all alarm transitions since the previous delivery in this mode.
When the Event Type is set to Event Log (3), this object instance is treated as a raw event log. It is used to manage and deliver events. The Latest Eventlog Payload will contain all events since the previous delivery in this mode.

See the Event Log Payload for examples of each of these modes.
]]></Description>
            </Item>
            <Item ID="6012">
                <Name>Alarm Realtime</Name>
                <Operations>RW</Operations>
                <MultipleInstances>Single</MultipleInstances>
                <Mandatory>Mandatory</Mandatory>
                <Type>Boolean</Type>
                <RangeEnumeration></RangeEnumeration>
                <Units></Units>
                <Description><![CDATA[Realtime is a readable and writable resource used to indicate if an event should report immediately (1) at the point of occurrence, or delivered periodically as part of the Latest Eventlog Payload.]]></Description>
            </Item>
            <Item ID="6013">
                <Name>Alarm State</Name>
                <Operations>R</Operations>
                <MultipleInstances>Single</MultipleInstances>
                <Mandatory>Optional</Mandatory>
                <Type>Boolean</Type>
                <RangeEnumeration></RangeEnumeration>
                <Units></Units>
                <Description><![CDATA[Alarm State is a read-only resource used to indicate the current alarm state for this Event configuration. This is only applicable if the Event Type is Alarm Current State (1) or Alarm State Change (2).  ]]></Description>
            </Item>
            <Item ID="6014">
                <Name>Alarm Set Threshold</Name>
                <Operations>RW</Operations>
                <MultipleInstances>Single</MultipleInstances>
                <Mandatory>Optional</Mandatory>
                <Type>Float</Type>
                <RangeEnumeration></RangeEnumeration>
                <Units></Units>
                <Description><![CDATA[Set Threshold is a readable and writable resource used to represent the threshold for when an alarm is triggered. This resource is used in conjunction with the Set Operator resource. ]]></Description>
            </Item>
            <Item ID="6015">
                <Name>Alarm Set Operator</Name>
                <Operations>RW</Operations>
                <MultipleInstances>Single</MultipleInstances>
                <Mandatory>Optional</Mandatory>
                <Type>Integer</Type>
                <RangeEnumeration></RangeEnumeration>
                <Units></Units>
                <Description><![CDATA[Set Operator is a readable and writable resource used in conjunction with the Set Threshold to represent when an alarm is triggered. This resource should be set to one of the following values:-
0. Greater Than or Equal to
1. Less Than or Equal to 
By setting the Set Operator to Greater Than (0), when the measured value for this event exceeds the Set Threshold resource, the event is considered to be in an Alarm State of 1
By setting the Set Operator to Less Than (1), when the measured value for this event falls below the Set Threshold resource, the event is considered to be in an Alarm State of 1]]></Description>
            </Item>
            <Item ID="6016">
                <Name>Alarm Clear Threshold</Name>
                <Operations>RW</Operations>
                <MultipleInstances>Single</MultipleInstances>
                <Mandatory>Optional</Mandatory>
                <Type>Float</Type>
                <RangeEnumeration></RangeEnumeration>
                <Units></Units>
                <Description><![CDATA[Clear Threshold is a readable and writable resource used to represent the threshold for when an alarm is cleared. This resource is used in conjunction with the Clear Operator resource.  ]]></Description>
            </Item>
            <Item ID="6017">
                <Name>Alarm Clear Operator</Name>
                <Operations>RW</Operations>
                <MultipleInstances>Single</MultipleInstances>
                <Mandatory>Optional</Mandatory>
                <Type>Integer</Type>
                <RangeEnumeration></RangeEnumeration>
                <Units></Units>
                <Description><![CDATA[Clear Operator is a readable and writable resource used in conjunction with the Clear Threshold to represent when an alarm is Cleared. This resource should be set to one of the following values:-
0. Greater Than or Equal to
1. Less Than or Equal to
By setting the Clear Operator to Greater Than (0), when the measured value for this event exceeds the Clear Threshold resource, the event is considered to be in an Alarm State of 0
By setting the Clear Operator to Less Than (1), when the measured value for this event falls below the Clear Threshold resource, the event is considered to be in an Alarm State of 0]]></Description>
            </Item>
            <Item ID="6018">
                <Name>Alarm Maximum Event Count</Name>
                <Operations>RW</Operations>
                <MultipleInstances>Single</MultipleInstances>
                <Mandatory>Optional</Mandatory>
                <Type>Integer</Type>
                <RangeEnumeration></RangeEnumeration>
                <Units></Units>
                <Description><![CDATA[Maximum Event Count is a readable and writable resource used provide a ceiling on the number of events that can be raised within the time period defined in Maximum Event Period resource. If no Maximum Event Count is set, the number of events recorded is unconstrained. The intent of this resource is to control the number of events reported, particularly in the case of a faulty sensor.]]></Description>
            </Item>
            <Item ID="6019">
                <Name>Alarm Maximum Event Period</Name>
                <Operations>RW</Operations>
                <MultipleInstances>Single</MultipleInstances>
                <Mandatory>Optional</Mandatory>
                <Type>Integer</Type>
                <RangeEnumeration>1..864000</RangeEnumeration>
                <Units>s</Units>
                <Description><![CDATA[Maximum Event Period is a readable and writable resource used in conjunction with the Maximum Event Count resource to control the number of events that can be raised in a given period. Maximum Event Period is an integer value representing the number of seconds for which the Maximum Event Count is measured. If no Maximum Event Period is set, the number of events recorded is unconstrained. The intent of this resource is to control the number of events reported, particularly in the case of a faulty sensor.]]></Description>
            </Item>
            <Item ID="6020">
                <Name>Latest Delivered Event Time</Name>
                <Operations>RW</Operations>
                <MultipleInstances>Single</MultipleInstances>
                <Mandatory>Optional</Mandatory>
                <Type>Time</Type>
                <RangeEnumeration></RangeEnumeration>
                <Units></Units>
                <Description><![CDATA[Latest Delivered Event Time is a readable and writable resource to represent the last recorded time that an event was delivered for this event code to the LwM2M server. The setting of this resource is implementation specific but should be updated based on, either a Read request of the Latest Eventlog Payload from the LwM2M server or via a confirmed delivery of Notify operation of the Latest Eventlog Payload resource. This resource is writable to allow the server to adjust the Last Delivered Event Time value if the server and client is out of sync.]]></Description>
            </Item>
            <Item ID="6021">
                <Name>Latest Recorded Event Time</Name>
                <Operations>R</Operations>
                <MultipleInstances>Single</MultipleInstances>
                <Mandatory>Mandatory</Mandatory>
                <Type>Time</Type>
                <RangeEnumeration></RangeEnumeration>
                <Units></Units>
                <Description><![CDATA[Latest Recorded Event Time is a readonly resource used to represent the last recorded event time for this object instance on the device]]></Description>
            </Item>
            <Item ID="6022">
                <Name>Alarm Clear</Name>
                <Operations>E</Operations>
                <MultipleInstances>Single</MultipleInstances>
                <Mandatory>Optional</Mandatory>
                <Type></Type>
                <RangeEnumeration></RangeEnumeration>
                <Units></Units>
                <Description><![CDATA[Clear Alarm is an executable resource used to allow the LwM2M server to clear alarms when they need to be manually acknowledged.]]></Description>
            </Item>
            <Item ID="6023">
                <Name>Alarm Auto Clear</Name>
                <Operations>RW</Operations>
                <MultipleInstances>Single</MultipleInstances>
                <Mandatory>Optional</Mandatory>
                <Type>Boolean</Type>
                <RangeEnumeration></RangeEnumeration>
                <Units></Units>
                <Description><![CDATA[Auto Clear Alarm is a readable and writable resource used to indicate if an alarm is automatically cleared once the delivery of the event data payload is complete ]]></Description>
            </Item>
            <Item ID="6024">
                <Name>Event Code</Name>
                <Operations>R</Operations>
                <MultipleInstances>Single</MultipleInstances>
                <Mandatory>Mandatory</Mandatory>
                <Type>Integer</Type>
                <RangeEnumeration>100..255</RangeEnumeration>
                <Units></Units>
                <Description><![CDATA[Event Code is a read-only resource used as an identifier to represent this class of event. The allocation of event codes is implementation specific but ideally be unique across the implementation. Event Codes use vendor specific LogClass value 100...255]]></Description>
            </Item>
            <Item ID="6025">
                <Name>Latest Payload</Name>
                <Operations>R</Operations>
                <MultipleInstances>Single</MultipleInstances>
                <Mandatory>Mandatory</Mandatory>
                <Type>Opaque</Type>
                <RangeEnumeration></RangeEnumeration>
                <Units></Units>
                <Description><![CDATA[The Latest Eventlog Payload resource is a read-only serialised Opaque (Binary) representation of all the Event Data between the Last Delivered Event Time and the Latest Recorded Event Time. When this payload is delivered to the LwM2M server, via either a read request or a confirmed observation on this Object, Object Instance or Resource, the Latest Delivered Interval should be updated. When no new data exists, an empty Opaque value should be provided.

The payload data can be provided in an implementation specific serialisation, but by default for fixed length values should use the OMA-LwM2M CBOR format encoded with one of these schemes:-

Event Type = Alarm Current State (1)

In this mode, only the current alarm state should be reported

1. 8-bit integer, value 2 representing OMA-LwM2M CBOR format.
2. Event Code [16-bit integer]
3. Event Type [8-bit Integer] - Alarm Current State (1)
4. Alarm Timestamp [32-bit unsigned integer] representing the number of seconds since Jan 1st, 1970 in the UTC time zone.
5. Alarm State [8-bit Integer]
]]></Description>
            </Item>
        </Resources>
        <Description2></Description2>
    </Object>
</LWM2M>

