<?xml version="1.0" encoding="utf-8"?>
<!--BSD 3-Clause License

Copyright (c) 2019, Cloudminds
All rights reserved.

Redistribution and use in source and binary forms, with or without
modification, are permitted provided that the following conditions are met:

* Redistributions of source code must retain the above copyright notice, this
  list of conditions and the following disclaimer.

* Redistributions in binary form must reproduce the above copyright notice,
  this list of conditions and the following disclaimer in the documentation
  and/or other materials provided with the distribution.

* Neither the name of the copyright holder nor the names of its
  contributors may be used to endorse or promote products derived from
  this software without specific prior written permission.

THIS SOFTWARE IS PROVIDED BY THE COPYRIGHT HOLDERS AND CONTRIBUTORS "AS IS"
AND ANY EXPRESS OR IMPLIED WARRANTIES, INCLUDING, BUT NOT LIMITED TO, THE
IMPLIED WARRANTIES OF MERCHANTABILITY AND FITNESS FOR A PARTICULAR PURPOSE ARE
DISCLAIMED. IN NO EVENT SHALL THE COPYRIGHT HOLDER OR CONTRIBUTORS BE LIABLE
FOR ANY DIRECT, INDIRECT, INCIDENTAL, SPECIAL, EXEMPLARY, OR CONSEQUENTIAL
DAMAGES (INCLUDING, BUT NOT LIMITED TO, PROCUREMENT OF SUBSTITUTE GOODS OR
SERVICES; LOSS OF USE, DATA, OR PROFITS; OR BUSINESS INTERRUPTION) HOWEVER
CAUSED AND ON ANY THEORY OF LIABILITY, WHETHER IN CONTRACT, STRICT LIABILITY,
OR TORT (INCLUDING NEGLIGENCE OR OTHERWISE) ARISING IN ANY WAY OUT OF THE USE
OF THIS SOFTWARE, EVEN IF ADVISED OF THE POSSIBILITY OF SUCH DAMAGE.
-->

<LWM2M xmlns:xsi="http://www.w3.org/2001/XMLSchema-instance" xsi:noNamespaceSchemaLocation="http://openmobilealliance.org/tech/profiles/LWM2M.xsd">
  <Object ObjectType="MODefinition">
    <Name>Event</Name>
    <Description1><![CDATA[Here lists all items of an event reported by the robot.]]></Description1>
    <ObjectID>10335</ObjectID>
    <ObjectURN>urn:oma:lwm2m:x:10335</ObjectURN>
    <LWM2MVersion>1.0</LWM2MVersion>
    <ObjectVersion>1.0</ObjectVersion>
    <MultipleInstances>Multiple</MultipleInstances>
    <Mandatory>Optional</Mandatory>
    <Resources>
		<Item ID="1">
			<Name>Entity</Name>
			<Operations>R</Operations>
			<MultipleInstances>Single</MultipleInstances>
			<Mandatory>Mandatory</Mandatory>
			<Type>String</Type>
			<RangeEnumeration>4..63</RangeEnumeration>
			<Units/>
			<Description><![CDATA[Contains the object ID and object instance ID/name, for example: &lt;/10320/2&gt;.]]></Description>
		</Item>
		<Item ID="2">
			<Name>Event Type</Name>
			<Operations>R</Operations>
			<MultipleInstances>Single</MultipleInstances>
			<Mandatory>Mandatory</Mandatory>
			<Type>Integer</Type>
			<RangeEnumeration>0..65535</RangeEnumeration>
			<Units></Units>
			<Description><![CDATA[The type of this event, for example: APP restart.]]></Description>
		</Item>
		<Item ID="3">
			<Name>Time</Name>
			<Operations>R</Operations>
			<MultipleInstances>Single</MultipleInstances>
			<Mandatory>Mandatory</Mandatory>
			<Type>Time</Type>
			<RangeEnumeration></RangeEnumeration>
			<Units></Units>
			<Description><![CDATA[When was this event reported.]]></Description>
		</Item>
		<Item ID="4">
			<Name>Sequence No</Name>
			<Operations>R</Operations>
			<MultipleInstances>Single</MultipleInstances>
			<Mandatory>Mandatory</Mandatory>
			<Type>Integer</Type>
			<RangeEnumeration>0..2^63-1</RangeEnumeration>
			<Units></Units>
			<Description><![CDATA[Sequence No of this event, used to detect event loss.]]></Description>
		</Item>
		<Item ID="5">
			<Name>Additional Info</Name>
			<Operations>R</Operations>
			<MultipleInstances>Single</MultipleInstances>
			<Mandatory>Optional</Mandatory>
			<Type>String</Type>
			<RangeEnumeration/>
			<Units/>
			<Description><![CDATA[The information related to this event.]]></Description>
		</Item>
	</Resources>
    <Description2/>
  </Object>
</LWM2M>
