<?xml version="1.0" encoding="utf-8"?>
<!--BSD 3-Clause License

Copyright (c) 2019, Cloudminds
All rights reserved.

Redistribution and use in source and binary forms, with or without
modification, are permitted provided that the following conditions are met:

* Redistributions of source code must retain the above copyright notice, this
  list of conditions and the following disclaimer.

* Redistributions in binary form must reproduce the above copyright notice,
  this list of conditions and the following disclaimer in the documentation
  and/or other materials provided with the distribution.

* Neither the name of the copyright holder nor the names of its
  contributors may be used to endorse or promote products derived from
  this software without specific prior written permission.

THIS SOFTWARE IS PROVIDED BY THE COPYRIGHT HOLDERS AND CONTRIBUTORS "AS IS"
AND ANY EXPRESS OR IMPLIED WARRANTIES, INCLUDING, BUT NOT LIMITED TO, THE
IMPLIED WARRANTIES OF MERCHANTABILITY AND FITNESS FOR A PARTICULAR PURPOSE ARE
DISCLAIMED. IN NO EVENT SHALL THE COPYRIGHT HOLDER OR CONTRIBUTORS BE LIABLE
FOR ANY DIRECT, INDIRECT, INCIDENTAL, SPECIAL, EXEMPLARY, OR CONSEQUENTIAL
DAMAGES (INCLUDING, BUT NOT LIMITED TO, PROCUREMENT OF SUBSTITUTE GOODS OR
SERVICES; LOSS OF USE, DATA, OR PROFITS; OR BUSINESS INTERRUPTION) HOWEVER
CAUSED AND ON ANY THEORY OF LIABILITY, WHETHER IN CONTRACT, STRICT LIABILITY,
OR TORT (INCLUDING NEGLIGENCE OR OTHERWISE) ARISING IN ANY WAY OUT OF THE USE
OF THIS SOFTWARE, EVEN IF ADVISED OF THE POSSIBILITY OF SUCH DAMAGE.
-->

<LWM2M xmlns:xsi="http://www.w3.org/2001/XMLSchema-instance" xsi:noNamespaceSchemaLocation="http://openmobilealliance.org/tech/profiles/LWM2M.xsd">
  <Object ObjectType="MODefinition">
    <Name>Camera</Name>
    <Description1><![CDATA[This LWM2M Object includes camera information.]]></Description1>
    <ObjectID>10340</ObjectID>
    <ObjectURN>urn:oma:lwm2m:x:10340</ObjectURN>
    <LWM2MVersion>1.0</LWM2MVersion>
    <ObjectVersion>1.0</ObjectVersion>
    <MultipleInstances>Multiple</MultipleInstances>
    <Mandatory>Optional</Mandatory>
    <Resources>
		<Item ID="1">
			<Name>Camera Name</Name>
			<Operations>R</Operations>
			<MultipleInstances>Single</MultipleInstances>
			<Mandatory>Mandatory</Mandatory>
			<Type>String</Type>
			<RangeEnumeration/>
			<Units/>
			<Description>
			<![CDATA[ Human readable camera name ]]>
			</Description>
		</Item>
		<Item ID="2">
			<Name>Camera Status</Name>
			<Operations>R</Operations>
			<MultipleInstances>Single</MultipleInstances>
			<Mandatory>Mandatory</Mandatory>
			<Type>Boolean</Type>
			<RangeEnumeration/>
			<Units/>
			<Description><![CDATA[The status of the camera, 1:Enabled, 0:Disabled.]]></Description>
		</Item>
		<Item ID="3">
			<Name>Connection Status</Name>
			<Operations>R</Operations>
			<MultipleInstances>Single</MultipleInstances>
			<Mandatory>Mandatory</Mandatory>
			<Type>Boolean</Type>
			<RangeEnumeration/>
			<Units/>
			<Description><![CDATA[The Connection Status of the camera, 1:On, 0:Off.]]></Description>
		</Item>
		<Item ID="4">
			<Name>Working Status</Name>
			<Operations>R</Operations>
			<MultipleInstances>Single</MultipleInstances>
			<Mandatory>Mandatory</Mandatory>
			<Type>Integer</Type>
			<RangeEnumeration>0..15</RangeEnumeration>
			<Units/>
			<Description><![CDATA[The Working Status of the camera, 0:Recording, 1:Playing, 2:Paused.]]></Description>
		</Item>
		<Item ID="5">
			<Name>Local Recording</Name>
			<Operations>R</Operations>
			<MultipleInstances>Single</MultipleInstances>
			<Mandatory>Mandatory</Mandatory>
			<Type>Boolean</Type>
			<RangeEnumeration/>
			<Units/>
			<Description><![CDATA[If Local Recording is enabled or not, 1:Enabled, 0:Disabled.]]></Description>
		</Item>	
		<Item ID="6">
			<Name>Image Matting</Name>
			<Operations>R</Operations>
			<MultipleInstances>Single</MultipleInstances>
			<Mandatory>Mandatory</Mandatory>
			<Type>Boolean</Type>
			<RangeEnumeration/>
			<Units/>
			<Description><![CDATA[If Image Matting is enabled or not, 1:Enabled, 0:Disabled.]]></Description>
		</Item>	
		<Item ID="7">
			<Name>Camera Snapshot</Name>
			<Operations>R</Operations>
			<MultipleInstances>Single</MultipleInstances>
			<Mandatory>Mandatory</Mandatory>
			<Type>Boolean</Type>
			<RangeEnumeration/>
			<Units/>
			<Description><![CDATA[If Camera Snapshot is enabled or not(in Dangerous Situation), 
				1:Enabled, 0:Disabled.]]></Description>
		</Item>	
		<Item ID="8">
			<Name>Camera Recording</Name>
			<Operations>R</Operations>
			<MultipleInstances>Single</MultipleInstances>
			<Mandatory>Mandatory</Mandatory>
			<Type>Boolean</Type>
			<RangeEnumeration/>
			<Units/>
			<Description><![CDATA[If Camera Recording is enabled or not(in Dangerous Situation), 
				1:Enabled, 0:Disabled.]]></Description>
		</Item>			
		<!--Item ID="5907">
			<Name>Host Device Unique ID</Name>
			<Operations>R</Operations>
			<MultipleInstances>Single</MultipleInstances>
			<Mandatory>Optional</Mandatory>
			<Type>String</Type>
			<RangeEnumeration/>
			<Units/>
			<Description>
				<![CDATA[ The host device unique ID as assigned by an OEM, MNO, 
				or other as the Device ID in the onboarding or manufacturing process. ]]>
			</Description>
		</Item>
		<Item ID="5905">
			<Name>Host Device Manufacturer</Name>
			<Operations>R</Operations>
			<MultipleInstances>Single</MultipleInstances>
			<Mandatory>Optional</Mandatory>
			<Type>String</Type>
			<RangeEnumeration/>
			<Units/>
			<Description>
			<![CDATA[ Human readable host device manufacturer name ]]>
			</Description>
		</Item>
		<Item ID="5906">
			<Name>Host Device Model Number</Name>
			<Operations>R</Operations>
			<MultipleInstances>Single</MultipleInstances>
			<Mandatory>Optional</Mandatory>
			<Type>String</Type>
			<RangeEnumeration/>
			<Units/>
			<Description>
				<![CDATA[A host device model identifier (manufacturer specified string)]]>
			</Description>
		</Item-->
		<Item ID="100">
			<Name>Camera Control</Name>
			<Operations>E</Operations>
			<MultipleInstances>Single</MultipleInstances>
			<Mandatory>Mandatory</Mandatory>
			<Type/>
			<RangeEnumeration/>
			<Units/>
			<Description><![CDATA[Enable/Disable the camera: Parameter: 1:Enable, 0:Disable]]></Description>
		</Item>
		<Item ID="101">
			<Name>Local Recording Control</Name>
			<Operations>E</Operations>
			<MultipleInstances>Single</MultipleInstances>
			<Mandatory>Mandatory</Mandatory>
			<Type/>
			<RangeEnumeration/>
			<Units/>
			<Description><![CDATA[Enable/Disable Local Recording: Parameter: 1:Enable, 0:Disable]]></Description>
		</Item>
		<Item ID="102">
			<Name>Image Matting Control</Name>
			<Operations>E</Operations>
			<MultipleInstances>Single</MultipleInstances>
			<Mandatory>Mandatory</Mandatory>
			<Type/>
			<RangeEnumeration/>
			<Units/>
			<Description><![CDATA[Enable/Disable Image Matting: Parameter: 1:Enable, 0:Disable]]></Description>
		</Item>
		<Item ID="103">
			<Name>Camera Snapshot Control</Name>
			<Operations>E</Operations>
			<MultipleInstances>Single</MultipleInstances>
			<Mandatory>Mandatory</Mandatory>
			<Type/>
			<RangeEnumeration/>
			<Units/>
			<Description><![CDATA[Enable/Disable Camera Snapshot in Dangerous Situation: Parameter: 1:Enable, 0:Disable]]></Description>
		</Item>
		<Item ID="104">
			<Name>Camera Recording Control</Name>
			<Operations>E</Operations>
			<MultipleInstances>Single</MultipleInstances>
			<Mandatory>Mandatory</Mandatory>
			<Type/>
			<RangeEnumeration/>
			<Units/>
			<Description><![CDATA[Enable/Disable Camera Recording in Dangerous Situation: Parameter: 1:Enable, 0:Disable]]></Description>
		</Item>
    </Resources>
    <Description2 />
  </Object>
</LWM2M>
