<?xml version="1.0" encoding="utf-8"?>

<!-- BSD-3 Clause License

Copyright 2019 oneM2M Partners. 

Redistribution and use in source and binary forms, with or without
modification, are permitted provided that the following conditions
are met:

1. Redistributions of source code must retain the above copyright
notice, this list of conditions and the following disclaimer.
2. Redistributions in binary form must reproduce the above copyright
notice, this list of conditions and the following disclaimer in the
documentation and/or other materials provided with the distribution.
3. Neither the name of the copyright holder nor the names of its
contributors may be used to endorse or promote products derived
from this software without specific prior written permission.

THIS SOFTWARE IS PROVIDED BY THE COPYRIGHT HOLDERS AND CONTRIBUTORS
"AS IS" AND ANY EXPRESS OR IMPLIED WARRANTIES, INCLUDING, BUT NOT
LIMITED TO, THE IMPLIED WARRANTIES OF MERCHANTABILITY AND FITNESS
FOR A PARTICULAR PURPOSE ARE DISCLAIMED. IN NO EVENT SHALL THE
COPYRIGHT HOLDER OR CONTRIBUTORS BE LIABLE FOR ANY DIRECT, INDIRECT,
INCIDENTAL, SPECIAL, EXEMPLARY, OR CONSEQUENTIAL DAMAGES (INCLUDING,
BUT NOT LIMITED TO, PROCUREMENT OF SUBSTITUTE GOODS OR SERVICES;
LOSS OF USE, DATA, OR PROFITS; OR BUSINESS INTERRUPTION) HOWEVER
CAUSED AND ON ANY THEORY OF LIABILITY, WHETHER IN CONTRACT, STRICT
LIABILITY, OR TORT (INCLUDING NEGLIGENCE OR OTHERWISE) ARISING IN
ANY WAY OUT OF THE USE OF THIS SOFTWARE, EVEN IF ADVISED OF THE
POSSIBILITY OF SUCH DAMAGE.
-->

<LWM2M xmlns:xsi="http://www.w3.org/2001/XMLSchema-instance" xsi:noNamespaceSchemaLocation="http://openmobilealliance.org/tech/profiles/LWM2M.xsd">
	<Object ObjectType="MODefinition">
		<Name>CmdhNwAccessRule</Name>
		<Description1><![CDATA[This Object defines limits in usage of specific underlying networks for forwarding information to other CSEs during processing of CMDH-related requests in a CSE.]]></Description1>
		<ObjectID>2055</ObjectID>
		<ObjectURN>urn:oma:lwm2m:ext:2055</ObjectURN><LWM2MVersion>1.0</LWM2MVersion>
		<ObjectVersion>1.0</ObjectVersion><MultipleInstances>Multiple</MultipleInstances>
		<Mandatory>Optional</Mandatory>
		<Resources>
			<Item ID="0"><Name>TargetNetwork</Name>
				<Operations>RW</Operations>
				<MultipleInstances>Multiple</MultipleInstances>
				<Mandatory>Mandatory</Mandatory>
				<Type>String</Type>
				<RangeEnumeration></RangeEnumeration>
				<Units></Units>
				<Description><![CDATA[Contains identifiers of Underlying networks]]></Description>
			</Item>
			<Item ID="1"><Name>SpreadingWaitTime</Name>
				<Operations>RW</Operations>
				<MultipleInstances>Single</MultipleInstances>
				<Mandatory>Mandatory</Mandatory>
				<Type>Integer</Type>
				<RangeEnumeration></RangeEnumeration>
				<Units>ms</Units>
				<Description><![CDATA[Contains a value in ms such that before accessing the underlying network (typically to forward an incoming request), the CSE will wait for an additional amount of time randomly chosen between 0 and this value]]></Description>
			</Item>
			<Item ID="2"><Name>MinReqVolume</Name>
				<Operations>RW</Operations>
				<MultipleInstances>Single</MultipleInstances>
				<Mandatory>Mandatory</Mandatory>
				<Type>Integer</Type>
				<RangeEnumeration></RangeEnumeration>
				<Units>B</Units>
				<Description><![CDATA[Minimum amount of data that needs to be aggregated before any of the Underlying Networks matching with the targetNetwork Resource of the current Instance of the  CmdhNwAccessRule Object can be used for forwarding information to other CSEs.]]></Description>
			</Item>
			<Item ID="3"><Name>BackOffParameters</Name>
				<Operations>RW</Operations>
				<MultipleInstances>Single</MultipleInstances>
				<Mandatory>Mandatory</Mandatory>
				<Type>Objlnk</Type>
				<RangeEnumeration></RangeEnumeration>
				<Units></Units>
				<Description><![CDATA[Reference to an Instance of BackOffParameterSet Object defining parameters that define how usage of any of the Underlying Networks matching with the targetNetwork Resource  of that Object Instance, shall be handled when attempts to use such networks have failed.
]]></Description>
			</Item>
			<Item ID="4"><Name>OtherConditions</Name>
				<Operations>RW</Operations>
				<MultipleInstances>Single</MultipleInstances>
				<Mandatory>Mandatory</Mandatory>
				<Type>String</Type>
				<RangeEnumeration></RangeEnumeration>
				<Units></Units>
				<Description><![CDATA[List of additional conditions that need to be fulfilled before any of the Underlying Networks matching with the TargetNetwork Resource of this CmdhNwAccessRule Object Instance can be used for forwarding information to other CSEs. ]]></Description>
			</Item>
			<Item ID="5"><Name>AllowedSchedule</Name>
				<Operations>RW</Operations>
				<MultipleInstances>Multiple</MultipleInstances>
				<Mandatory>Mandatory</Mandatory>
				<Type>String</Type>
				<RangeEnumeration></RangeEnumeration>
				<Units></Units>
				<Description><![CDATA[Contains time schedules in form of extended crontab syntax defined in oneM2M Protocol TS-0004 ]]></Description>
			</Item></Resources>
		<Description2 />
	</Object>
</LWM2M>
