<?xml version="1.0" encoding="utf-8"?>

<!-- BSD-3 Clause License

Copyright 2019 Vodafone Group.

Redistribution and use in source and binary forms, with or without
modification, are permitted provided that the following conditions
are met:

1. Redistributions of source code must retain the above copyright
notice, this list of conditions and the following disclaimer.
2. Redistributions in binary form must reproduce the above copyright
notice, this list of conditions and the following disclaimer in the
documentation and/or other materials provided with the distribution.
3. Neither the name of the copyright holder nor the names of its
contributors may be used to endorse or promote products derived
from this software without specific prior written permission.

THIS SOFTWARE IS PROVIDED BY THE COPYRIGHT HOLDERS AND CONTRIBUTORS
"AS IS" AND ANY EXPRESS OR IMPLIED WARRANTIES, INCLUDING, BUT NOT
LIMITED TO, THE IMPLIED WARRANTIES OF MERCHANTABILITY AND FITNESS
FOR A PARTICULAR PURPOSE ARE DISCLAIMED. IN NO EVENT SHALL THE
COPYRIGHT HOLDER OR CONTRIBUTORS BE LIABLE FOR ANY DIRECT, INDIRECT,
INCIDENTAL, SPECIAL, EXEMPLARY, OR CONSEQUENTIAL DAMAGES (INCLUDING,
BUT NOT LIMITED TO, PROCUREMENT OF SUBSTITUTE GOODS OR SERVICES;
LOSS OF USE, DATA, OR PROFITS; OR BUSINESS INTERRUPTION) HOWEVER
CAUSED AND ON ANY THEORY OF LIABILITY, WHETHER IN CONTRACT, STRICT
LIABILITY, OR TORT (INCLUDING NEGLIGENCE OR OTHERWISE) ARISING IN
ANY WAY OUT OF THE USE OF THIS SOFTWARE, EVEN IF ADVISED OF THE
POSSIBILITY OF SUCH DAMAGE.
-->

<LWM2M xmlns:xsi="http://www.w3.org/2001/XMLSchema-instance" xsi:noNamespaceSchemaLocation="http://openmobilealliance.org/tech/profiles/LWM2M.xsd">
    <Object ObjectType="MODefinition">
        <Name>Neighbour Cell Report</Name>
        <Description1>This LWM2M Object provides the neighbour cell report. The CrowdBox Measurements Object and the Connected UE Report Object have both Objlnk Resources pointing to this Object.</Description1>
        <ObjectID>10247</ObjectID>
        <ObjectURN>urn:oma:lwm2m:x:10247</ObjectURN>
		<LWM2MVersion>1.0</LWM2MVersion>
		<ObjectVersion>1.0</ObjectVersion>
        <MultipleInstances>Multiple</MultipleInstances>
        <Mandatory>Optional</Mandatory>
        <Resources>
            <Item ID="0">
                <Name>Neighbour PCI</Name>
                <Operations>R</Operations>
                <MultipleInstances>Single</MultipleInstances>
                <Mandatory>Mandatory</Mandatory>
                <Type>Integer</Type>
                <RangeEnumeration>0..503</RangeEnumeration>
                <Units></Units>
                <Description>Physical Cell ID of neighbouring LTE cell, as defined in TS 36.211</Description>
            </Item>
            <Item ID="1">
                <Name>Neighbour Cell ID</Name>
                <Operations>R</Operations>
                <MultipleInstances>Single</MultipleInstances>
                <Mandatory>Optional</Mandatory>
                <Type>Integer</Type>
                <RangeEnumeration>0..2^32-1</RangeEnumeration>
                <Units></Units>
                <Description>Neighbour cell ID as specified by the cellIdentity field broadcast in SIB1 of the neighbour cell (see TS 36.331).</Description>
            </Item>
            <Item ID="2">
                <Name>Neighbour Cell Rank</Name>
                <Operations>R</Operations>
                <MultipleInstances>Single</MultipleInstances>
                <Mandatory>Mandatory</Mandatory>
                <Type>Integer</Type>
                <RangeEnumeration>0..255</RangeEnumeration>
                <Units></Units>
                <Description>Current neighbour cell rank. Neighbour cells should be ordered (ranked) by the CrowdBox according to neighbour cell RSRP, with a higher RSRP corresponding to a lower index. Hence the neighbouring cell with the highest RSRP should be neighbour cell 0, the second neighbour cell 1, and so on.</Description>
            </Item>
            <Item ID="3">
                <Name>Neighbour Cell RSRP</Name>
                <Operations>R</Operations>
                <MultipleInstances>Single</MultipleInstances>
                <Mandatory>Mandatory</Mandatory>
                <Type>Integer</Type>
                <RangeEnumeration>0..97</RangeEnumeration>
                <Units></Units>
                <Description>Neighbour cell RSRP, as defined in TS 36.133, Section 9.1.4. Range: RSRP_00; RSRP_01 .. RSRP_97</Description>
            </Item>
            <Item ID="4">
                <Name>Neighbour Cell RSRQ</Name>
                <Operations>R</Operations>
                <MultipleInstances>Single</MultipleInstances>
                <Mandatory>Mandatory</Mandatory>
                <Type>Integer</Type>
                <RangeEnumeration>-30..46</RangeEnumeration>
                <Units></Units>
                <Description>Neighbour cell RSRQ, as defined in TS 36.133, Section 9.1.7. Range: RSRQ_-30; RSRQ_-29 .. RSRQ_46</Description>
            </Item>
        </Resources>
      <Description2></Description2>
    </Object>
</LWM2M>
