<?xml version="1.0" encoding="utf-8"?>
<!--
 MIT License
Copyright (c) 2018 AT&T
Permission is hereby granted, free of charge, to any person obtaining a copy of this software and associated documentation files (the "Software"), to deal in the Software without restriction, 
including without limitation the rights to use, copy, modify, merge, publish, distribute, sublicense, and/or sell copies of the Software, and to permit persons to whom the Software is furnished to do so, subject to the following conditions:
The above copyright notice and this permission notice shall be included in all copies or substantial portions of the Software.
THE SOFTWARE IS PROVIDED "AS IS", WITHOUT WARRANTY OF ANY KIND, EXPRESS OR IMPLIED, INCLUDING BUT NOT LIMITED TO THE WARRANTIES OF MERCHANTABILITY, FITNESS FOR A PARTICULAR PURPOSE AND NONINFRINGEMENT. 
IN NO EVENT SHALL THE AUTHORS OR COPYRIGHT HOLDERS BE LIABLE FOR ANY CLAIM, 
DAMAGES OR OTHER LIABILITY, WHETHER IN AN ACTION OF CONTRACT, TORT OR OTHERWISE, ARISING FROM, OUT OF OR IN CONNECTION WITH THE SOFTWARE OR THE USE OR OTHER DEALINGS IN THE SOFTWARE.
-->
<LWM2M xmlns:xsi="http://www.w3.org/2001/XMLSchema-instance" xsi:noNamespaceSchemaLocation="http://www.openmobilealliance.org/tech/profiles/LWM2M.xsd">
  <Object ObjectType="MODefinition">
    <Name>AT&amp;T Connectivity Extension</Name>
    <Description1><![CDATA[The AT&T Connectivity Extension Object will be used to gather information describing the UE and the operating state of the UE. The AT&T Connectivity Extension Object is an open and standard object used by AT&T.]]></Description1>
    <ObjectID>10308</ObjectID>
    <ObjectURN>urn:oma:lwm2m:x:10308</ObjectURN>
    <LWM2MVersion>1.0</LWM2MVersion>
    <ObjectVersion>1.0</ObjectVersion>
    <MultipleInstances>Multiple</MultipleInstances>
    <Mandatory>Optional</Mandatory>
    <Resources>
      <Item ID="1">
        <Name>ICCID</Name>
        <Operations>R</Operations>
        <MultipleInstances>Single</MultipleInstances>
        <Mandatory>Mandatory</Mandatory>
        <Type>String</Type>
        <RangeEnumeration>
        </RangeEnumeration>
        <Units></Units>
        <Description><![CDATA[T he ICCID resource is used to identify the UICC used by the IoT device or module for authentication by the network. Reference ITU-T recommendation E.118]]></Description>
      </Item>
      <Item ID="2">
        <Name>IMSI</Name>
        <Operations>R</Operations>
        <MultipleInstances>Single</MultipleInstances>
        <Mandatory>Mandatory</Mandatory>
        <Type>String</Type>
        <RangeEnumeration>
        </RangeEnumeration>
        <Units></Units>
        <Description><![CDATA[The IMSI resource is used to log the IMSI used by the UE to identify itself to the network. The IMSI is defined in 3GPP TS 23.003 and is a combination of MCC (Mobile Country Code), MNC (Mobile Network Code), and MSIN (Mobile Subscriber Identification Number).]]></Description>
      </Item>
      <Item ID="3">
        <Name>MSISDN</Name>
        <Operations>RW</Operations>
        <MultipleInstances>Single</MultipleInstances>
        <Mandatory>Mandatory</Mandatory>
        <Type>String</Type>
        <RangeEnumeration>
        </RangeEnumeration>
        <Units></Units>
        <Description><![CDATA[The MSISDN resource will indicate the MSISDN as assigned, if any, to the SIM card. In the case that no MSISDN is assigned to the SIM card the response should be zero.]]></Description>
      </Item>
      <Item ID="4">
        <Name>APN Retries</Name>
        <Operations>RW</Operations>
        <MultipleInstances>Single</MultipleInstances>
        <Mandatory>Mandatory</Mandatory>
        <Type>Integer</Type>
        <RangeEnumeration>
        </RangeEnumeration>
        <Units></Units>
        <Description><![CDATA[The APN Retry multi instance resource will maintain the number of retries the device can attempt to activate a context on a particular APN. This resource should be defaulted to 2 retries. Should a device integrator wish to manipulate this the integrator should be able to do so.]]></Description>
      </Item>
      <Item ID="5">
        <Name>APN Retry Period</Name>
        <Operations>RW</Operations>
        <MultipleInstances>Single</MultipleInstances>
        <Mandatory>Mandatory</Mandatory>
        <Type>Integer</Type>
        <RangeEnumeration>
        </RangeEnumeration>
        <Units>s</Units>
        <Description><![CDATA[The APN retry period multi instance resource is the time in seconds between attempting a context activation on the APN. This should be defaulted to 0. Note that the IoT Module will be limited by the number retries and the periodicity of the retries by the DAM requirements in Chapter 28 of the AT&T 13340. The resource is multi-instance to accommodate different periods of retries on different APNs.]]></Description>
      </Item>
      <Item ID="6">
        <Name>APN Retry Back-Off Period</Name>
        <Operations>RW</Operations>
        <MultipleInstances>Single</MultipleInstances>
        <Mandatory>Mandatory</Mandatory>
        <Type>Integer</Type>
        <RangeEnumeration>
        </RangeEnumeration>
        <Units>s</Units>
        <Description><![CDATA[The APN Retry Back-Off Period is the period between a burst of attempts to activate a context on a particular APN. This resource is intended to be a longer period than the APN retry period to account for limitations on the numbers of times an authentication request can be made with the network. This should be defaulted to 86400 seconds (1 Day). This resource is also a multiple instance resource to accommodate different retry periods amongst different APNs.]]></Description>
      </Item>
      <Item ID="7">
        <Name>SINR</Name>
        <Operations>R</Operations>
        <MultipleInstances>Single</MultipleInstances>
        <Mandatory>Mandatory</Mandatory>
        <Type>Integer</Type>
        <RangeEnumeration>&#60;7 to &#62;12.5</RangeEnumeration>
        <Units></Units>
        <Description><![CDATA[This is the signal to noise ratio resource. This measurement should be measured over 10 sampled at a 400ms sample rate. Once the 10 samples are averaged the measurement should be reflected in the Signal to Noise Ratio resource. Reference: 3GPP TS 38.215, clause 5.1.]]></Description>
      </Item>
      <Item ID="8">
        <Name>SRXLEV</Name>
        <Operations>R</Operations>
        <MultipleInstances>Single</MultipleInstances>
        <Mandatory>Mandatory</Mandatory>
        <Type>Integer</Type>
        <RangeEnumeration>
        </RangeEnumeration>
        <Units></Units>
        <Description><![CDATA[This resource indicates the cell selection receive value. See definition in 3GPP TS 36.304.]]></Description>
      </Item>
      <Item ID="9">
        <Name>CE Mode</Name>
        <Operations>R</Operations>
        <MultipleInstances>Single</MultipleInstances>
        <Mandatory>Mandatory</Mandatory>
        <Type>String</Type>
        <RangeEnumeration>
        </RangeEnumeration>
        <Units></Units>
        <Description><![CDATA[This resource indicates the CE Mode the IoT module is currently in. Potential values: Mode A, Mode B.]]></Description>
      </Item>
    </Resources>
    <Description2 />
  </Object>
</LWM2M>
