<?xml version="1.0" encoding="utf-8"?>
<!--BSD 3-Clause License

Copyright (c) 2019, Cloudminds
All rights reserved.

Redistribution and use in source and binary forms, with or without
modification, are permitted provided that the following conditions are met:

* Redistributions of source code must retain the above copyright notice, this
  list of conditions and the following disclaimer.

* Redistributions in binary form must reproduce the above copyright notice,
  this list of conditions and the following disclaimer in the documentation
  and/or other materials provided with the distribution.

* Neither the name of the copyright holder nor the names of its
  contributors may be used to endorse or promote products derived from
  this software without specific prior written permission.

THIS SOFTWARE IS PROVIDED BY THE COPYRIGHT HOLDERS AND CONTRIBUTORS "AS IS"
AND ANY EXPRESS OR IMPLIED WARRANTIES, INCLUDING, BUT NOT LIMITED TO, THE
IMPLIED WARRANTIES OF MERCHANTABILITY AND FITNESS FOR A PARTICULAR PURPOSE ARE
DISCLAIMED. IN NO EVENT SHALL THE COPYRIGHT HOLDER OR CONTRIBUTORS BE LIABLE
FOR ANY DIRECT, INDIRECT, INCIDENTAL, SPECIAL, EXEMPLARY, OR CONSEQUENTIAL
DAMAGES (INCLUDING, BUT NOT LIMITED TO, PROCUREMENT OF SUBSTITUTE GOODS OR
SERVICES; LOSS OF USE, DATA, OR PROFITS; OR BUSINESS INTERRUPTION) HOWEVER
CAUSED AND ON ANY THEORY OF LIABILITY, WHETHER IN CONTRACT, STRICT LIABILITY,
OR TORT (INCLUDING NEGLIGENCE OR OTHERWISE) ARISING IN ANY WAY OUT OF THE USE
OF THIS SOFTWARE, EVEN IF ADVISED OF THE POSSIBILITY OF SUCH DAMAGE.
-->

<LWM2M xmlns:xsi="http://www.w3.org/2001/XMLSchema-instance" xsi:noNamespaceSchemaLocation="http://openmobilealliance.org/tech/profiles/LWM2M.xsd">
  <Object ObjectType="MODefinition">
    <Name>CCU</Name>
    <Description1><![CDATA[This LWM2M Object includes CCU(Central Control Unit) information and the link to CCU APPs.]]></Description1>
    <ObjectID>10320</ObjectID>
    <ObjectURN>urn:oma:lwm2m:x:10320</ObjectURN>
    <LWM2MVersion>1.0</LWM2MVersion>
    <ObjectVersion>1.0</ObjectVersion>
    <MultipleInstances>Multiple</MultipleInstances>
    <Mandatory>Optional</Mandatory>
    <Resources>
	  <Item ID="1">
        <Name>CCU ID</Name>
        <Operations>R</Operations>
        <MultipleInstances>Single</MultipleInstances>
        <Mandatory>Mandatory</Mandatory>
        <Type>String</Type>
        <RangeEnumeration/>
        <Units/>
        <Description><![CDATA[The CCU identity.]]></Description>
      </Item>
      <Item ID="2">
        <Name>CCU FM Version</Name>
        <Operations>R</Operations>
        <MultipleInstances>Single</MultipleInstances>
        <Mandatory>Mandatory</Mandatory>
        <Type>String</Type>
        <RangeEnumeration/>
        <Units/>
        <Description><![CDATA[The firmware version of the CCU.]]></Description>
      </Item>
      <Item ID="3">
        <Name>CCU SW Version</Name>
        <Operations>R</Operations>
        <MultipleInstances>Single</MultipleInstances>
        <Mandatory>Mandatory</Mandatory>
        <Type>String</Type>
        <RangeEnumeration/>
        <Units/>
        <Description><![CDATA[The software version of the CCU.]]></Description>
      </Item>
	  <Item ID="4">
        <Name>CCU Memory Size</Name>
        <Operations>R</Operations>
        <MultipleInstances>Single</MultipleInstances>
        <Mandatory>Mandatory</Mandatory>
        <Type>Integer</Type>
        <RangeEnumeration/>
        <Units>GB</Units>
        <Description><![CDATA[Total Memory Size of the CCU (expressed in gigabyte).]]></Description>
      </Item>	  
	  <Item ID="5">
        <Name>CCU Storage</Name>
        <Operations>R</Operations>
        <MultipleInstances>Single</MultipleInstances>
        <Mandatory>Mandatory</Mandatory>
        <Type>Integer</Type>
        <RangeEnumeration/>
        <Units>GB</Units>
        <Description><![CDATA[Total storage of the CCU.]]></Description>
      </Item>
	  <Item ID="6">
        <Name>CCU Available Storage</Name>
        <Operations>R</Operations>
        <MultipleInstances>Single</MultipleInstances>
        <Mandatory>Mandatory</Mandatory>
        <Type>Integer</Type>
        <RangeEnumeration/>
        <Units>GB</Units>
        <Description><![CDATA[Available storage of the CCU.]]></Description>
      </Item>
	  
	  <Item ID="5852">
        <Name>On time</Name>
        <Operations>RW</Operations>
        <MultipleInstances>Single</MultipleInstances>
        <Mandatory>Mandatory</Mandatory>
        <Type>Integer</Type>
        <RangeEnumeration/>
        <Units>s</Units>
        <Description><![CDATA[The time in seconds that the device has been on. Writing a value of 0 resets the counter.]]></Description>
      </Item>
	  
     <Item ID="100">
        <Name>Downloaded APP Packages</Name>
        <Operations>R</Operations>
        <MultipleInstances>Multiple</MultipleInstances>
        <Mandatory>Optional</Mandatory>
        <Type>String</Type>
        <RangeEnumeration/>
        <Units/>
        <Description><![CDATA[Each item contains APP Name, Version info, Package Name.]]></Description>
      </Item>	  
	  <Item ID="101">
		<Name>CCU APPs</Name>
		<Operations>R</Operations>
		<MultipleInstances>Multiple</MultipleInstances>
		<Mandatory>Optional</Mandatory>
		<Type>Objlnk</Type>
		<RangeEnumeration/>
		<Units/>
		<Description>
		  <![CDATA[Contains the reference to the APPs belongs to this CCU.]]>
		</Description>
	  </Item>
    </Resources>
    <Description2 />
  </Object>
</LWM2M>
