<?xml version="1.0" encoding="UTF-8"?>

<!-- BSD-3 Clause License

Copyright 2019 Open Mobile Alliance. 

Redistribution and use in source and binary forms, with or without
modification, are permitted provided that the following conditions
are met:

1. Redistributions of source code must retain the above copyright
notice, this list of conditions and the following disclaimer.
2. Redistributions in binary form must reproduce the above copyright
notice, this list of conditions and the following disclaimer in the
documentation and/or other materials provided with the distribution.
3. Neither the name of the copyright holder nor the names of its
contributors may be used to endorse or promote products derived
from this software without specific prior written permission.

THIS SOFTWARE IS PROVIDED BY THE COPYRIGHT HOLDERS AND CONTRIBUTORS
"AS IS" AND ANY EXPRESS OR IMPLIED WARRANTIES, INCLUDING, BUT NOT
LIMITED TO, THE IMPLIED WARRANTIES OF MERCHANTABILITY AND FITNESS
FOR A PARTICULAR PURPOSE ARE DISCLAIMED. IN NO EVENT SHALL THE
COPYRIGHT HOLDER OR CONTRIBUTORS BE LIABLE FOR ANY DIRECT, INDIRECT,
INCIDENTAL, SPECIAL, EXEMPLARY, OR CONSEQUENTIAL DAMAGES (INCLUDING,
BUT NOT LIMITED TO, PROCUREMENT OF SUBSTITUTE GOODS OR SERVICES;
LOSS OF USE, DATA, OR PROFITS; OR BUSINESS INTERRUPTION) HOWEVER
CAUSED AND ON ANY THEORY OF LIABILITY, WHETHER IN CONTRACT, STRICT
LIABILITY, OR TORT (INCLUDING NEGLIGENCE OR OTHERWISE) ARISING IN
ANY WAY OUT OF THE USE OF THIS SOFTWARE, EVEN IF ADVISED OF THE
POSSIBILITY OF SUCH DAMAGE.
-->

<LWM2M  xmlns:xsi="http://www.w3.org/2001/XMLSchema-instance" xsi:noNamespaceSchemaLocation="http://openmobilealliance.org/tech/profiles/LWM2M.xsd">
    <Object ObjectType="MODefinition">
        <Name>Audio Clip</Name>
        <Description1>This IPSO object should be used for a speaker that plays a pre-recorded audio clip or an audio output that is sent elsewhere. For example, an elevator which announces the floor of the building. A resource is provided to store the clip, a dimmer resource controls the relative sound level of the playback, and a duration resource limits the maximum playback time. After the duration time is reached, any remaining samples in the clip are ignored, and the clip player will be ready to play another clip.</Description1>
        <ObjectID>3339</ObjectID>
        <ObjectURN>urn:oma:lwm2m:ext:3339</ObjectURN>
        <LWM2MVersion>1.0</LWM2MVersion>
        <ObjectVersion>1.0</ObjectVersion>
        <MultipleInstances>Multiple</MultipleInstances>
        <Mandatory>Optional</Mandatory>
        <Resources>
            <Item ID="5522">
                <Name>Clip</Name>
                <Operations>RW</Operations>
                <MultipleInstances>Single</MultipleInstances>
                <Mandatory>Mandatory</Mandatory>
                <Type>Opaque</Type>
                <RangeEnumeration></RangeEnumeration>
                <Units></Units>
                <Description>Audio clip that is playable (e.g., a short audio recording indicating the floor in an elevator).</Description>
            </Item>
            <Item ID="5523">
                <Name>Trigger</Name>
                <Operations>E</Operations>
                <MultipleInstances>Single</MultipleInstances>
                <Mandatory>Optional</Mandatory>
                <Type></Type>
                <RangeEnumeration></RangeEnumeration>
                <Units></Units>
                <Description>Trigger initiating actuation.</Description>
            </Item>
            <Item ID="5548">
                <Name>Level</Name>
                <Operations>RW</Operations>
                <MultipleInstances>Single</MultipleInstances>
                <Mandatory>Optional</Mandatory>
                <Type>Float</Type>
                <RangeEnumeration>0..100</RangeEnumeration>
                <Units>/100</Units>
                <Description>Used to represent a level control such as audio volume.</Description>
            </Item>
            <Item ID="5524">
                <Name>Duration</Name>
                <Operations>RW</Operations>
                <MultipleInstances>Single</MultipleInstances>
                <Mandatory>Optional</Mandatory>
                <Type>Float</Type>
                <RangeEnumeration></RangeEnumeration>
                <Units>s</Units>
                <Description>The duration of the sound once trigger.</Description>
            </Item>
            <Item ID="5750">
                <Name>Application Type</Name>
                <Operations>RW</Operations>
                <MultipleInstances>Single</MultipleInstances>
                <Mandatory>Optional</Mandatory>
                <Type>String</Type>
                <RangeEnumeration></RangeEnumeration>
                <Units></Units>
                <Description>The application type of the sensor or actuator as a string depending on the use case.</Description>
            </Item>
        </Resources>
        <Description2></Description2>
    </Object>
</LWM2M>
