<?xml version="1.0" encoding="UTF-8"?>

<!-- BSD-3 Clause License

Copyright 2019 Open Mobile Alliance. 

Redistribution and use in source and binary forms, with or without
modification, are permitted provided that the following conditions
are met:

1. Redistributions of source code must retain the above copyright
notice, this list of conditions and the following disclaimer.
2. Redistributions in binary form must reproduce the above copyright
notice, this list of conditions and the following disclaimer in the
documentation and/or other materials provided with the distribution.
3. Neither the name of the copyright holder nor the names of its
contributors may be used to endorse or promote products derived
from this software without specific prior written permission.

THIS SOFTWARE IS PROVIDED BY THE COPYRIGHT HOLDERS AND CONTRIBUTORS
"AS IS" AND ANY EXPRESS OR IMPLIED WARRANTIES, INCLUDING, BUT NOT
LIMITED TO, THE IMPLIED WARRANTIES OF MERCHANTABILITY AND FITNESS
FOR A PARTICULAR PURPOSE ARE DISCLAIMED. IN NO EVENT SHALL THE
COPYRIGHT HOLDER OR CONTRIBUTORS BE LIABLE FOR ANY DIRECT, INDIRECT,
INCIDENTAL, SPECIAL, EXEMPLARY, OR CONSEQUENTIAL DAMAGES (INCLUDING,
BUT NOT LIMITED TO, PROCUREMENT OF SUBSTITUTE GOODS OR SERVICES;
LOSS OF USE, DATA, OR PROFITS; OR BUSINESS INTERRUPTION) HOWEVER
CAUSED AND ON ANY THEORY OF LIABILITY, WHETHER IN CONTRACT, STRICT
LIABILITY, OR TORT (INCLUDING NEGLIGENCE OR OTHERWISE) ARISING IN
ANY WAY OUT OF THE USE OF THIS SOFTWARE, EVEN IF ADVISED OF THE
POSSIBILITY OF SUCH DAMAGE.
-->

<LWM2M  xmlns:xsi="http://www.w3.org/2001/XMLSchema-instance" xsi:noNamespaceSchemaLocation="http://openmobilealliance.org/tech/profiles/LWM2M.xsd">
    <Object ObjectType="MODefinition">
        <Name>On/Off switch</Name>
        <Description1>This IPSO object should be used with an On/Off switch to report the state of the switch.</Description1>
        <ObjectID>3342</ObjectID>
		<ObjectURN>urn:oma:lwm2m:ext:3342:1.1</ObjectURN>
        <LWM2MVersion>1.0</LWM2MVersion>
		<ObjectVersion>1.1</ObjectVersion>
        <MultipleInstances>Multiple</MultipleInstances>
        <Mandatory>Optional</Mandatory>
        <Resources>
            <Item ID="5500">
                <Name>Digital Input State</Name>
                <Operations>R</Operations>
                <MultipleInstances>Single</MultipleInstances>
                <Mandatory>Mandatory</Mandatory>
                <Type>Boolean</Type>
                <RangeEnumeration></RangeEnumeration>
                <Units></Units>
                <Description>The current state of a digital input.</Description>
            </Item>
            <Item ID="5501">
                <Name>Digital Input Counter</Name>
                <Operations>R</Operations>
                <MultipleInstances>Single</MultipleInstances>
                <Mandatory>Optional</Mandatory>
                <Type>Integer</Type>
                <RangeEnumeration></RangeEnumeration>
                <Units></Units>
                <Description>The cumulative value of active state detected.</Description>
            </Item>
            <Item ID="5852">
                <Name>On time</Name>
                <Operations>RW</Operations>
                <MultipleInstances>Single</MultipleInstances>
                <Mandatory>Optional</Mandatory>
                <Type>Integer</Type>
                <RangeEnumeration></RangeEnumeration>
                <Units>s</Units>
                <Description>The time in seconds that the device has been on. Writing a value of 0 resets the counter.</Description>
            </Item>
            <Item ID="5854">
                <Name>Off Time</Name>
                <Operations>RW</Operations>
                <MultipleInstances>Single</MultipleInstances>
                <Mandatory>Optional</Mandatory>
                <Type>Integer</Type>
                <RangeEnumeration></RangeEnumeration>
                <Units>s</Units>
                <Description>The time in seconds in the off state. Writing a value of 0 resets the counter.</Description>
            </Item>
            <Item ID="5750">
                <Name>Application Type</Name>
                <Operations>RW</Operations>
                <MultipleInstances>Single</MultipleInstances>
                <Mandatory>Optional</Mandatory>
                <Type>String</Type>
                <RangeEnumeration></RangeEnumeration>
                <Units></Units>
                <Description>The application type of the sensor or actuator as a string depending on the use case.</Description>
            </Item>
			<Item ID="5518">
				<Name>Timestamp</Name>
				<Operations>R</Operations>
				<MultipleInstances>Single</MultipleInstances>
				<Mandatory>Optional</Mandatory>
				<Type>Time</Type>
				<RangeEnumeration></RangeEnumeration>
				<Units></Units>
				<Description>The timestamp of when the measurement was performed.</Description>
			</Item>
			<Item ID="6050">
				<Name>Fractional Timestamp</Name>
				<Operations>R</Operations>
				<MultipleInstances>Single</MultipleInstances>
				<Mandatory>Optional</Mandatory>
				<Type>Float</Type>
				<RangeEnumeration>0..1</RangeEnumeration>
				<Units>s</Units>
				<Description>Fractional part of the timestamp when sub-second precision is used (e.g., 0.23 for 230 ms).</Description>
			</Item>
         </Resources>
        <Description2></Description2>
    </Object>
</LWM2M>
