<?xml version="1.0" encoding="UTF-8"?>

<!-- BSD-3 Clause License

Copyright 2019 Zumtobel Group. 

Redistribution and use in source and binary forms, with or without
modification, are permitted provided that the following conditions
are met:

1. Redistributions of source code must retain the above copyright
notice, this list of conditions and the following disclaimer.
2. Redistributions in binary form must reproduce the above copyright
notice, this list of conditions and the following disclaimer in the
documentation and/or other materials provided with the distribution.
3. Neither the name of the copyright holder nor the names of its
contributors may be used to endorse or promote products derived
from this software without specific prior written permission.

THIS SOFTWARE IS PROVIDED BY THE COPYRIGHT HOLDERS AND CONTRIBUTORS
"AS IS" AND ANY EXPRESS OR IMPLIED WARRANTIES, INCLUDING, BUT NOT
LIMITED TO, THE IMPLIED WARRANTIES OF MERCHANTABILITY AND FITNESS
FOR A PARTICULAR PURPOSE ARE DISCLAIMED. IN NO EVENT SHALL THE
COPYRIGHT HOLDER OR CONTRIBUTORS BE LIABLE FOR ANY DIRECT, INDIRECT,
INCIDENTAL, SPECIAL, EXEMPLARY, OR CONSEQUENTIAL DAMAGES (INCLUDING,
BUT NOT LIMITED TO, PROCUREMENT OF SUBSTITUTE GOODS OR SERVICES;
LOSS OF USE, DATA, OR PROFITS; OR BUSINESS INTERRUPTION) HOWEVER
CAUSED AND ON ANY THEORY OF LIABILITY, WHETHER IN CONTRACT, STRICT
LIABILITY, OR TORT (INCLUDING NEGLIGENCE OR OTHERWISE) ARISING IN
ANY WAY OUT OF THE USE OF THIS SOFTWARE, EVEN IF ADVISED OF THE
POSSIBILITY OF SUCH DAMAGE.
-->

<LWM2M xmlns:xsi="http://www.w3.org/2001/XMLSchema-instance" xsi:noNamespaceSchemaLocation="http://openmobilealliance.org/tech/profiles/LWM2M-v1_1.xsd">
  <Object ObjectType="MODefinition">
		<Name>oA Logical Illuminance Sensor</Name>
		<Description1><![CDATA[The 'oA Logical Illuminance Sensor' represents the logical part of an illuminance sensor. The corresponding physical device is a sensor that detects illuminance in its detection area.]]></Description1>
		<ObjectID>3392</ObjectID>
		<ObjectURN>urn:oma:lwm2m:ext:3392</ObjectURN>
		<LWM2MVersion>1.1</LWM2MVersion>
		<ObjectVersion>1.0</ObjectVersion>
		<MultipleInstances>Multiple</MultipleInstances>
		<Mandatory>Optional</Mandatory>
		<Resources>
			<Item ID="4001">
				<Name>ObjectVersion</Name>
				<Operations>R</Operations>
				<MultipleInstances>Single</MultipleInstances>
				<Mandatory>Optional</Mandatory>
				<Type>String</Type>
				<RangeEnumeration></RangeEnumeration>
				<Units></Units>
				<Description><![CDATA[LWM2M Object versioning label.]]></Description>
			</Item>
			<Item ID="901">
				<Name>Documentary Description</Name>
				<Operations>RW</Operations>
				<MultipleInstances>Single</MultipleInstances>
				<Mandatory>Optional</Mandatory>
				<Type>String</Type>
				<RangeEnumeration>0..256 bytes</RangeEnumeration>
				<Units></Units>
				<Description><![CDATA[Resource to hold a documentary text description of the object.]]></Description>
			</Item>
			<Item ID="404">
				<Name>Sensor Value</Name>
				<Operations>R</Operations>
				<MultipleInstances>Single</MultipleInstances>
				<Mandatory>Mandatory</Mandatory>
				<Type>Unsigned Integer</Type>
				<RangeEnumeration>0..65535</RangeEnumeration>
				<Units>lx</Units>
				<Description><![CDATA[The illuminance reading of the sensor]]></Description>
			</Item>
			<Item ID="909">
				<Name>Executing Object</Name>
				<Operations>RW</Operations>
				<MultipleInstances>Single</MultipleInstances>
				<Mandatory>Mandatory</Mandatory>
				<Type>Corelnk</Type>
				<RangeEnumeration></RangeEnumeration>
				<Units></Units>
				<Description><![CDATA[Link to the Object Instance in CoRE Link Format [RFC6690](https://tools.ietf.org/html/rfc6690)]]></Description>
			</Item>
			<Item ID="400">
				<Name>Less Than</Name>
				<Operations>RW</Operations>
				<MultipleInstances>Single</MultipleInstances>
				<Mandatory>Optional</Mandatory>
				<Type>Unsigned Integer</Type>
				<RangeEnumeration>0..65535</RangeEnumeration>
				<Units>lx</Units>
				<Description><![CDATA[Only report if the sensor value is less than the given value.]]></Description>
			</Item>
			<Item ID="401">
				<Name>Greater Than</Name>
				<Operations>RW</Operations>
				<MultipleInstances>Single</MultipleInstances>
				<Mandatory>Optional</Mandatory>
				<Type>Unsigned Integer</Type>
				<RangeEnumeration>0..65535</RangeEnumeration>
				<Units>lx</Units>
				<Description><![CDATA[Only report if the sensor value is greater than the given value.]]></Description>
			</Item>
			<Item ID="402">
				<Name>Step</Name>
				<Operations>RW</Operations>
				<MultipleInstances>Single</MultipleInstances>
				<Mandatory>Optional</Mandatory>
				<Type>Unsigned Integer</Type>
				<RangeEnumeration>0..65535</RangeEnumeration>
				<Units>lx</Units>
				<Description><![CDATA[Only report if the step of the sensor value change is greater than the given step.]]></Description>
			</Item>
			<Item ID="403">
				<Name>Minimum Update Interval</Name>
				<Operations>RW</Operations>
				<MultipleInstances>Single</MultipleInstances>
				<Mandatory>Mandatory</Mandatory>
				<Type>Unsigned Integer</Type>
				<RangeEnumeration>0..65535</RangeEnumeration>
				<Units>s</Units>
				<Description><![CDATA[The sensor waits at least for that interval before the sensor value resource is updated.]]></Description>
			</Item>
			<Item ID="903">
				<Name>Application Group ID</Name>
				<Operations>RW</Operations>
				<MultipleInstances>Single</MultipleInstances>
				<Mandatory>Mandatory</Mandatory>
				<Type>Unsigned Integer</Type>
				<RangeEnumeration>0..65535</RangeEnumeration>
				<Units></Units>
				<Description><![CDATA[The application group ID that the logical object is part of. This ID will define the application group the status reports are sent to. It is internally used as a pointer to the Group Object instance that hosts all the Group configurations.]]></Description>
			</Item>
			<Item ID="904">
				<Name>Status Resend Time</Name>
				<Operations>RW</Operations>
				<MultipleInstances>Single</MultipleInstances>
				<Mandatory>Mandatory</Mandatory>
				<Type>Unsigned Integer</Type>
				<RangeEnumeration>1..600</RangeEnumeration>
				<Units>s</Units>
				<Description><![CDATA[The time specified as status resend time is used to resend the actual status to the application group the object is a member of, even if nothing changed.\nThe status resend time is restarted after every event. The actual interval is a random time with the maximum duration given by this resource. Randomization helps to avoid massive ongoing message collisions after system power up.\nFor example: Status resend time is set to 10 seconds;\n* 00:00 status is sent\n* 00:05 status changes and is sent immediatly\n* 00:15 (or before, depending on the randomization) status is sent even though it did not change]]></Description>
			</Item>
			<Item ID="919">
				<Name>Status Report Structure ID</Name>
				<Operations>RW</Operations>
				<MultipleInstances>Single</MultipleInstances>
				<Mandatory>Mandatory</Mandatory>
				<Type>Unsigned Integer</Type>
				<RangeEnumeration>0..255</RangeEnumeration>
				<Units></Units>
				<Description><![CDATA[The ID of the status resource structure that is used to code the cyclic status report. See object 4012 'oA Status Report Structure' for more information]]></Description>
			</Item>
			<Item ID="905">
				<Name>Debug Mode Enabled</Name>
				<Operations>RW</Operations>
				<MultipleInstances>Single</MultipleInstances>
				<Mandatory>Optional</Mandatory>
				<Type>Boolean</Type>
				<RangeEnumeration></RangeEnumeration>
				<Units></Units>
				<Description><![CDATA[Enables the object test mode. The physical representation of the object will be disabled. Stimuli can be injected to test the object remotely using inject test event.]]></Description>
			</Item>
			<Item ID="906">
				<Name>Inject Test Event</Name>
				<Operations>W</Operations>
				<MultipleInstances>Single</MultipleInstances>
				<Mandatory>Optional</Mandatory>
				<Type>Unsigned Integer</Type>
				<RangeEnumeration>0..65535</RangeEnumeration>
				<Units></Units>
				<Description><![CDATA[Inject test events into the system when debug mode is enabled. Event definition is vendor specific.]]></Description>
			</Item>
			<Item ID="924">
				<Name>Object Enabled</Name>
				<Operations>RW</Operations>
				<MultipleInstances>Single</MultipleInstances>
				<Mandatory>Optional</Mandatory>
				<Type>Boolean</Type>
				<RangeEnumeration></RangeEnumeration>
				<Units></Units>
				<Description><![CDATA[This resource allows to disable an object instance. \nIf an object instance is disabled it does process incoming events but does not create outgoing events.]]></Description>
			</Item>
			<Item ID="934">
				<Name>Object Enabled</Name>
				<Operations>E</Operations>
				<MultipleInstances>Single</MultipleInstances>
				<Mandatory>Optional</Mandatory>
				<Type></Type>
				<RangeEnumeration></RangeEnumeration>
				<Units></Units>
				<Description><![CDATA[When executed, a test event s specified in 906 will be injected \nIf an object instance is disabled it does process incoming events but does not create outgoing events.]]></Description>
			</Item>
		</Resources>
		<Description2><![CDATA[]]></Description2>
	</Object>
</LWM2M>
